In which part of your body would you find the cruciate ligament?, Knee
What is the name of the main antagonist in the Shakespeare play Othello?, Iago
What element is denoted by the chemical symbol Sn in the periodic table?, Tin
What is the name of the 1976 film about the Watergate scandal starring Robert Redford and Dustin Hoffman?, All the President's Men
How many of Henry VIII's wives were called Catherine?,3
What was the most popular girls name in the UK in 2019?, Olivia
Which comedian was the second permanent host of Never Mind the Buzzcocks after Mark Lamarr?, Simon Amstell
Which popular video game franchise has released games with the subtitles World At War and Black Ops?, Call of Duty
In what US State is the city Nashville?, Tennessee
Which rock band was founded by Trent Reznor in 1988?, Nine Inch Nails
What is the currency of Denmark?, Krone
Which Tennis Grand Slam is played on a clay surface?, The French Open
In which European country would you find the Rijksmuseum?, Netherlands
How many films have Al Pacino and Robert De Niro appeared in together?,4
What was the old name for a Snickers bar before it changed in 1990?, Marathon
Who was the head of state in Japan during the second world war?, Hirohito
What is the smallest planet in our solar system?, Mercury
Who wrote the novels Gone Girl and Sharp Objects?, Gillian Flynn
Which legendary surrealist artist is famous for painting melting clocks?, Salvador Dali
Which football club plays its home games at Loftus Road?, Queen's Park Rangers
What was the Turkish city of Istanbul called before 1930?, Constantinople
From which US city do the band The Killers originate?, Las Vegas
Name the Coffee shop in US sitcom Friends, Central Perk
How many human players are there on each side in a polo match?,4
In what year did Tony Blair become British Prime Minister?,1997
How many times has England won the men's football World Cup?, Once
What is the capital of New Zealand?, Wellington
Street artist Banksy is originally associated with which British city?, Bristol
From what grain is the Japanese spirit Sake made?, Rice
What is the name of Dua Lipa's 2020 album release?, Future Nostalgia
In what year did The Beatles split up?,1970
What is rapper P Diddy's real name?, Sean Combs
Complete this Spice Girls lyric: 'If you wanna be my [BLANK] you gotta get with my friends', Lover
Gary and Martin Kemp were in what band?, Spandau Ballet
When did Big Brother first air on Channel 4?,2000
Who was the first presenter of the X Factor in the UK?, Kate Thornton
Which actor played the ninth reincarnation of the Doctor in Doctor Who?, Christopher Eccleston
The Simpsons was the spin off show of which American sketch series?, The Tracey Ullman Show
What was the name of the tower block where Del Boy and Rodney Trotter lived in Only Fools and Horses?, Nelson Mandela House
Gillian Anderson plays a therapist in which hit Netflix show?, Sex Education
What is the name of the fictional borough of Melbourne where Australian soap Neighbours is set?, Erinsborough
EastEnders began broadcasting on BBC One in which year?,1985
Who is the longest serving presenter of the BBC children's show Blue Peter?, John Noakes
What is the name of Mackenzie Crook's character in sitcom The Office?, Gareth Keenan
Which British actor played Batman in the movie The Batman(2022) directed by Matt Reeves?, Robert Pattinson
What is the name of The Bride played by Uma Thurman in Quentin Tarantino's Kill Bill franchise?, Beatrix Kiddo
Which colour pill does Neo swallow in The Matrix?, Red
Name the composer behind the soundtracks of Inception and Pirates of the Caribbean., Hanz Zimmer
Which 2014 Seth Rogan film caused the North Korean government to threaten action against the United States?, The Interview
Name the first actor to play Dumbledore in the Harry Potter films. , Richard Harris
Which Catastrophe star makes a cameo in Deadpool 2 as Peter?, Rob Delaney
Which 2019 film won the Golden Raspberry Award for Worst Film this year?, Cats 
What does Bridget Jones name her baby in the film series's third instalment?, William
How many spice options are there at Nandos?,6
Which soft drink is commonly associated with Scotland?, Iron Bru
Name the 2019 winner of the Great British Bake Off., David Atherton
Gouda is a popular cheese originating from which country?, Netherlands
A screwdriver cocktail is orange juice and ice and which spirit?, Vodka
Which southern Italian city is usually credited as the birthplace of the pizza?, Naples
What number is found in reference to their varieties on Heinz products?,57
Pret a Manger is a popular sandwich chain in the UK but what does the French name mean in English?, Ready to eat
What is the capital city of Australia?, Canberra
Which US state was Donald Trump born in?, New York
Which UK city is situated further west – Bristol or Edinburgh?, Edinburgh
How many countries are there in the region of Europe? (Recognised by the United Nations),44
What is the capital of Finland?, Helsinki
What is the currency of Vietnam?, Vietnamese dong
What language is spoken in Brazil?, Portuguese
What do the French call the English Channel?, La Manche
How many permanent members are there on the UN security council?,5
In which year did the original UK version of The Office air?,2001
Who plays comedy character Alan Partridge?, Steve Coogan
Which planet has the most moons?, Saturn
What part of a plant conducts photosynthesis?, Leaf
How many elements are in the periodic table?,118
Where is the smallest bone in the human body located?, Ear
How many hearts does an octopus have?,3
With over 222 million units sold what is Apple's highest selling iPhone model?, iPhone 6
In which year was the Microsoft XP operating system released?,2001
Elon Musk is the CEO of which global brand., Tesla
Which operating system does a Google Pixel phone use?, Andriod
In which year was the Nintendo 64 released in Europe?,1997
What year did Dexys Midnight Runners release Come On Eileen?,1982
Which Frankie Goes to Hollywood song was banned by the BBC?, Relax
A 1987 number one hit by The Firm parodied which scifi show?, Star Trek
Which 1980s band was the Rev Richard Cole a part of?, The Communards
Which former Beatle had a number one hit with Stevie Wonder in 1982?, Paul McCartney
What temporarily takes over Rose Tyler's body after she looks into the heart of the TARDIS?, Bad Wolf
In the show Doctor who what is the home planet of the Slitheen and how – exactly – do you spell it?, Raxacoricofallapatorius
How old was Matt Smith when he was cast in Doctor Who?,26
In the show Doctor who which other alien race are the Sea Devils related to?, The Silurians
Who killed Tony Stark's parents?, The Winter Soldier
What Top Gun character is Captain America's cat named after?, Goose
Director Taika Waititi also played which comedic Thor: Ragnarok character?, Korg
Natasha Romanova is the real name of which superhero?, Black Widow
What is the highest grossing Marvel movie without the word 'Avengers' in the title?, Black Panther
Complete the following famous quote from the TV series Lost in Space: 'Danger ____ _____.', Will Robinson
In 2001: A Space Odyssey what song does the rogue computer system HAL 9000 sing to himself as he's shut down?, Daisy Bell
Which character speaks the first line in the original 1977 Star Wars movie?, C3PO
When the Doctor first meets a young Amy Pond after he crashes the TARDIS in her back garden what food does he ask her for?, Apple
What does the licence plate on the DeLorean say in Back To The Future?, OUTATIME
How many actors have played M in the official James Bond film series?, 4
Which year was Daniel Craig's first Bond film released?, 2006
Name Christopher Lee's villain character in The Man With The Golden Gun?, Francisco Scaramanga
Which famous artist recorded the theme song for Goldeneye?, Tina Turner
Who discovered penicillin?, Alexander Fleming
Which year did the European Union first introduce the Euro as currency?, 1999
What day of the year is known by fans as Star Wars Day?, May 4th
Who does John Boyega play in the most recent Star Wars films?, Finn
The showrunners of which mega TV series reportedly walked away from a planned Star Wars trilogy?, Game Of Thrones
What is the name of the top secret order given by Palpatine in Revenge of the Sith calling for all Jedi leaders to be killed?, Order 66
What type of creature does Luke Skywalker fight underneath Jabba the Hutt's throne in Return of the Jedi?, A Rancor
What's Marge's maiden name?, Bouvier
Which Springfield resident often appears as the Devil?, Ned Flanders
What's Homer's catchphrase?, Doh
How many fingers do Simpsons characters have?, 4
What instrument does Lisa Simpson play?, Saxaphone
The capital of Libya is Benghazi. True or false?, False
The Prime Minister of Great Britain has to be a sitting Member of Parliament. True or false?, True
Michael Caine's real name is Reginald Dwight. True or false?, False
The Second World War started in 1935. True or false?, False
Netflix began as a DVD rental service. True or false?, True
O’Hare Airport serves which American city?, Chicago
Bohemian Switzerland National Park is in which country?, Czech Republic
Which lake is often described as the jewel of the Italian lakes?, Lake Como
In which country would you find the original Legoland?, Denmark
A DNA molecule is described as being what shape?, Double Helix
Botany is the study of what life form?, Plants
Which chamber of the heart pumps deoxygenated blood to the lungs?, Right ventricle
What is the largest animal on the planet?, Blue Whale
Who made Captain America's shield?, Howard Stark
Unlike the comics who created Ultron in Avengers: Age of Ultron?, Tony Stark
Which beloved comic book writer cameoed in every Marvel film up to Avengers: Endgame?, Stan Lee
Who is the archnemesis of crime fighting vigilante Daredevil?, Kingpin
What is Captain America's shield made out of?, Vibranium
Which infamous aquatic bird has made cameo appearances in Guardians of the Galaxy Vol. 1 and 2?, Howard the Duck
On what planet was the Soul Stone hidden in Infinity War?, Vormir
Which Marvel film did Kenneth Branagh direct?, Thor 
Which Hollywood A lister made a cameo in Thor: Ragnarok playing Loki in an Asgardian play?, Matt Damon
In which film's post credit scene did Thanos first appear?, The Avengers 
Who was the first female superhero to appear in the title of an MCU film?, Wasp
What is the name of Black Panther's home country?, Wakanda
Which former Batman played Spider Man villain the Vulture?, Michael Keaton
What is the name of the microscopic universe Ant Man travels to when he goes sub atomic?, Quantum Realm
Who was Tony Stark's favourite band whose songs feature in the Iron Man movies?, AC/DC
What species is Loki revealed to be?, Frost Giant
What country does Wanda Maximoff come from?, Sokovia
Before becoming Vision what is the name of Iron Man's A.I. butler?, JARVIS
What is the only Marvel film not to have a post credit scene?, Avengers: Endgame
Who was the first actor to play James Rhodes (aka War Machine) in the MCU?, Terrence Howard
end